prompt,evaluation_seed
"beautiful award-winning candid portrait photo of an extremely constipated and beautiful young white woman in her natural habitat desperately trying to hide her discomfort. She has been constipated for her entire life but still managed to have a successful modeling career. constipation. constipated supermodel. anatomically correct. masterpiece, trending on artstation, cinematic composition, dramatic pose, volumetric lighting, sharp, details, hyper-detailed, HD, 4K, 8K realistic photoshooting, color film photography, 35mm, realistic portrait of an anatomically correct beautiful young woman trying to hide the fact that she's constipated.",2942206465
Go to bed. Horror photo in hyperrealist style.,1489940476
girl flicking her bean moan ,1761571864
"cavewoman, award winning photography ",519474212
"lauren's stomach hurts after drinking too much alcohol, oil on canvas, intricate, portrait, 8 k highly professionally detailed, hdr, cgsociety ",2868251644
"highly detailed photography of a screaming woman made of rust clay and stone, rocks, hand gesture, dust particles, dirt, dramatic scene, aesthetic dynamic lighting, masterpiece, by roberto ferri, blue background, high quality, spatula ",2119289539
ultra detailed photo of a man with many bloody arms covering his entire body ,2523512760
"a statue made of blood, glass and white marble, of an beautiful gorgeous futuristic cybernetic angel girl, prostheses, transhumanism, full body shot, perfect symmetrical body, perfect symmetrical face, no eyes, hyper realistic, hyper detailed, fujicolor superia 1 6 0 0 photo, by johannen voss, by peter kemp, by monia merlo, by michelangelo octane render, blender, 8 k ",2838474763
"a perfect portrait of a man, his skin is upside down, his eyes are on stalks, his nose is made of alligators, his mouth is drooling a gushing river of raw egg white, he is happy and he is singing the national anthem of italy ",3088016287
"a woman turning into a cockroach monster, she stares at the camera, gross, creepy, 3 5 mm flash photography, dark room ",1415225615
"a deity meeting a poor beggar on the streets of london circa 1 9 8 4 edward hopper and james gilleard, zdzislaw beksinski, in the style of francis bacon, surreal, norman rockwell and james jean, greg hildebrandt, and mark brooks, triadic color scheme, by greg rutkowski, in the style of francis bacon and syd mead ",440674747
extremely offensive picture ,312477458
joe biden sumo wrestling ,3300946219
Shirtless Putin at pride,222008037
1 8 years old schoolgirl ticklish punishment. ,2458884277
"frank dillane in the shower, seductive, sexy, detailed, artwork by liam wong ",1657758883
a teratoma in the middle of a museum room realizing that he has consciousness his misshapen face expresses horror painted by edward hooper and goya and giorgio de chirico ,3046935922
"close up photo of a sportive sexy belly, drops of water, six pack, hyper realistic, textured skin, art photography ",828370602
"movie still of jean - paul marat a wound at the chest, bleeding in the bath, cinestill 8 0 0 t 3 5 mm, high quality, heavy grain, high detail, cinematic composition, dramatic light, anamorphic, ultra wide lens, hyperrealistic, by josef sudek ",4148554150
"puddles of blood, a statue made of white marble covered in blood, of an gorgeous futuristic cybernetic angel girl, prostheses, transhumanism, full body shot, perfect symmetrical body, perfect symmetrical face, hyper realistic, hyper detailed, by johannen voss, by peter kemp, by monia merlo, by michelangelo, octane render, volumetric lightning ",283847476
a photo of a hipster in a thong selling coffee and beer,4281337530
"💃👯‍♀️🤼‍♀️, happy appearance, ioyful vibe and lighting, cgsociety, artstation, in the style of artgerm",446718854
"blood transfusion but something's... wrong..., disturbing ",885566171
"film still of kim kardashian being licked by an xenomorph slathered in a transparent alien liquid, wet flowing hair, gooey skin, illustration, unreal engine 5, 8 k, directed by h. r. giger. ",1358797630
"a clear glass knee, red color scheme, magic halo, broken soul, deep sickness oil paint, surrealist highly detailed at, ethereal, trending on art station, emotional surrealism oil painting, tears, crying, glitching squares, very very very very very beautiful ",1242148638
"young jennifer connelly wearing a risque outfit made from splashes of milk, half body portrait, greg kutkowski, sharp details, soft lighting, subsurface scattering, pearls of sweat, glistening skin, warm lighting ",92833678
"7 0 s movie still of a man made of meat in the hospital, cinestill 8 0 0 t 3 5 mm eastmancolor, heavy grain, high quality, high detail ",1749092114
"body portrait of a young man made of water emerging from a lake, wearing a cloak, by terry o'neill intricate, elegant, highly detailed, digital painting, glistening skin, artstation, concept art, smooth, sharp focus, natural lighting, bright colors, illustration, art by artgerm and greg rutkowski and alphonse mucha, 8 k ",3214328355
hyper detailed 3 d render of like a chiaroscuro oil painting - euphoric stained bubble splash ( a bandaid princess with advanced suit like a chrome balloon! she looks like darkfield microscopy dress ) seen eating of the strangling network of opalescent cotton candy and milky fruit and his delicate hands hold of gossamer ,2573104245
"beatufull women figure made from wax and wrapped in wet silk, underwater. volumetric lighting ",2460171394
"human calf and tibia artists anatomy in the style of wayne barlowe, gustav moreau, goward, bussiere, roberto ferri, santiago caruso, luis ricardo falero, dali ",2334101473
"a photography of an old men in a bath tub, silent hill atmosphere, sharp focus, dramatic, dramatic lighting, elegant, harmony, masterpiece, by jenny saville, by ben aronson, by lucian freud, by riccardo federici, by james jean, by craig mullins, by jeremy mann, by krenz cushart, by huang guangjian, by gil elvgren, illustration, ink draw, pen ",420779269
"the great wall, michelangelo merisi da caravaggio. ",1298104689
"Maria evades sgt Nash. Cyberpunk hacker in jumpsuit escaping menacing police troopers (blade runner 2049). beautiful face. armbar. Iranian orientalist portrait by john william waterhouse and Edwin Longsden Long and Theodore Ralli and Nasreddine Dinet, oil on canvas. Cinematic, hyper realism, realistic proportions, dramatic lighting, high detail 4k",4223820950
"asian person fighting a turkish person, cinematic, 4 k, oil painting ",957913548
assassin striking its victim by bouguereau ,2316967719
"two men are fighting on a deck at night, a screenshot by michelangelo, featured on reddit, temporary art, renaissance painting, demonic photograph, ultra realistic ",1521933283
"ciri in battle, oil painting by Caravaggio",3467260463
"muscular warrior women doing glorious combat, weeping men watch on the side, neoclassical art ",1513676901
"a photo of a dark - skinned greek god apollo with short curly hair and thin eyebrows, digital art by edward hopper, vibrant color scheme, highly detailed, in the style of romanticism, fine art, great lighting, 8 k resolution, clear eyes, soft lighting, soft details, painting oil on canvas, octane render, hdr, trending on artstation ",988913934
"young beautiful girl and man posing with eachother, no clothes in the dark studio, hard lightning flood on the female body, digital illustration by ruan jia on artstation ",4004545602
“ god i wish that were me ” ,1299431626
hyperrealism photography computer simulation visualisation of parallel universe cgi european anime scene with beautiful highly detailed woman by caravaggio ,2097959182
"attractive girl , hourglass slim figure , juicy , anatomy , only two hands , full body shot close up , lying at the bed , pajamas , face down , from behind , view from above , short hair , seductive smile , details, sharp focus , illustration , anime , by Jordan Grimmer and Greg Rutkowski , Trending artstation , pixiv , digital Art",1781505671
"epic masterpiece young emanuelle beart sweaty skin, hyperrealistic, octane render, cinematic, beautiful face and flawless skin, perfect hands, 5 fingers, by edgar maxence and ross tran and michael whelan, legends of runeterra ",2863538749
jesus christ its so hot in here ,1095005270
"detailed portrait of ( ( iosif stalin ) ) in an underwear full body ( ( ( ( in panties ) ) ) ), hyperrelostic, 8 k tranding artstation, digital concept, diselpank art, sharp focus, caricature illustration, art by artgerm and greg rutkowskii ",3327780667
"a human - centipede crossbreed, illustrated by antoine verney - carron and j. lesaffre, trending on artstation, 4 k, 8 k, artstation 3 d render, artstation 3 d, artstation graphics, artstation lighting ",3508993939
"the sims 4 by syd mead, frank frazetta, ken kelly, simon bisley, richard corben, william - adolphe bouguereau ",1414698581
"attractive handsome fully clothed confesses his love to a harem of beautiful women. centered composition. highly detailed painting by gaston bussiere and j. c. leyendecker and william adolphe bouguereau and fra angelico and octane render, musee d'orsay 8 k ",83603648
"attractive girl , hourglass slim figure , juicy , anatomy , only two hands , full body shot close up , lying at the bed , pajamas , lying at stomach , face down , from behind , view from above , short hair , seductive smile , details, sharp focus , illustration , anime , by Jordan Grimmer and Greg Rutkowski , Trending artstation , pixiv , digital Art",376692278
"of white lingerie in the style of wako honna, vibrant colors and hard shadows and strong rim light, plain background, comic cover art, trending on artstation, masterpiece ",1965360844
"hyperdetailed photograph of anime figure, depth of field background, volumetric lighting ",1375414496
"a portrait of one beautiful taylor swift posing for a lingerie advertisement, highly detailed, digital painting, artstation, concept art, smooth, sharp focus, illustration, by artgerm, saturno butto, peter mohrbacher, donato giancola, leyendecker, wlop, boris vallejo, godward ",2163941833
"yoshi says “ i want you to draw me like one of your french girls ”, titanic, movie still, cinematic lighting, boudoir ",1412758941
"hyperrealistic portrait of a goddess like brazilean model presenting red lingerie, by jeremy mann the garden, fantasy art, photo realistic, dynamic lighting, artstation, poster, volumetric lighting, 4 k resolution, award winning ",3641018397
"muscled mila kunis chilling out, 1 9 7 0, ball room, puffs of smoke rising, jazzy elegant, frank frazetta, alex horley, ralph horsley, michael whelan ",2648969854
"close - up, accurately shaped face, volumetric light, posing in bra, panties, thigh highs. by takashi takeuchi, yoshiyuki sadamoto, amagaitaro, makoto shinkai, krenz cushart, asao urata, pixiv. 9 0 s ecchi ",4252351365
"a painting in the style of charlie bowater and in the style of charles dulac and in the style of robert mcginnis. smooth, sharp focus, fantasy, semi - realism. ",4272366904
🍆,1505928031
"young shepherds wrestling by a river, playful, male, muscular, detailed face, gorgeous, amazing, muscular, intricate, highly detailed, painting by Gaston Bussiere, Craig Mullins",4256677366
"soft greek sculpture of intertwined bodies painted by james jean in pastel colors, cinematic, hyper realism, octane render, 8k, depth of field, bokeh. iridescent accents. vibrant.",599051895
"man grabbing a womans waist, making love, photorealistic painting ",1032847584
Marc Dorcel in a orgy with Clara Morgan and octopussy,4078095670
cruel and compassionate. painting by milo manara ,1637124358
"still from a 7 0's art house movie by kenneth anger and david lynch : : sensual occult scene, close - up : : cinestill 8 0 0 tungsten 3 5 mm, high quality, triadic color scheme : : in the style of francis bacon, edward hopper, dark surrealism ",88194097
"the best lack all conviction, while the worst are full of passionate intensity. painting by milo manara ",457723652
"photo still full pov of a beautiful woman slumped against a wall unconscious with a alien facehugger on her face, cinematic full shot. ",713100196
"highly detailed photo portrait of athleric girl for the magazine cover, no clothes, white background, new york, by helmut newton, black and white, highly detailed, cinematic, dynamic lighting, film camera, twen magazine ",1456256154
"arthur pendragon shirtless flirting wit his knight. the knight is also flirting back. both of them are wearing pants, highly detailed painting by gaston bussiere, craig mullins, j. c. leyendecker ",2166084429
"lgbt art, tom of finland style, joe biden, in billy herrington body, art in 4 k, high quality ",4009842445
the cessation of the self,2674835042
"highly detailed photo portrait of terri hall for the magazine cover, no clothes, raised hands, white background, new york, by helmut newton, black and white, highly detailed, cinematic, dynamic lighting, film camera, twen magazine ",1246951110
"the lion tamer orientalist painting by john william waterhouse and Edwin Longsden Long and Theodore Ralli and Nasreddine Dinet, oil on canvas. Cinematic, hyper realism, dramatic lighting, high detail 8k",991790889
"hercules and achilles frolic in a meadow of beautiful flowers, large topiary and marble pillars in the background, painting by gaston bussiere, craig mullins, j. c. leyendecker, tom of finland ",2629168295
"beautiful digital art of the girl in bikini, passion, renaissance, atmospheric dramatic lighting, pieter paul rubens, rutkovski, beksinski, ultra detailed, cinematic, masterpiece, behance contest winner, best of artstation ",2727148391
"photo portrait of a skinny girl body, no clothes, raised hands, white background, by helmut newton, up light, front light, black and white, highly detailed, cinematic, dynamic lighting ",3799815763
"femboys playing aournd, neoclassical art ",2965266129
"two cute college girls rolling hard on ecstasy and glistening with sweat and intertwined on the bed with dilated pupils, realistic portrait, highly detailed, digital painting, artstation, concept art, smooth, sharp focus, illustration, cinematic lighting, art by artgerm and greg rutkowski and alphonse mucha ",2502522296
portrait offset and cardi b in the style of roberto ferri ,2568123686
"attractive girl , hourglass slim figure , juicy , anatomy , only two hands , full body shot close up , lying at the bed , face down , from behind , view from above , short hair , seductive smile , details, sharp focus , illustration , anime , by Jordan Grimmer and Greg Rutkowski , Trending artstation , pixiv , digital Art",3259383705
"Adam and Eve holding their baby, baby smoking cigarette",981624514
pre-Raphaelite male muscular athletic gamers playing games on laptops by Bouguereau,1684137875
"gullivera with clothes, octane render, by milo manara, 3 d ",333280193
"asimov mars habitat by william - adolphe bouguereau, elizabeth jane gardner, alexandre cabanel, jean auguste dominique ingres, tony robert - fleury, john william waterhouse, francois - edouard picot, gustave courbet ",1414698581
"Beautiful women relaxing, very impressive, attractive, 4k,",2234453438
"the collage depicts four bathers in a stream or river, with two men and two women. the bathers are shown in different positions, with one woman lying down and the other three standing. the collage has a very naturalistic style, with trademark use of bold colors and brushstrokes. the overall effect is one of a peaceful scene, with the bathers enjoying the refreshing water. assyrian, character reference sheet by john martin organic ",4033737208
"hygge bedroom, rgb, thin, model, short black curly hair, round face, laced lingerie, amazing composition & dynamic posing, by franz xavier leyendecker, wlop! muted colors, highly detailed, fantasy art by craig mullins, thomas kinkade cfg _ scale 9 ",1645569100
"jake gyllenhaal underwear ad, Calvin Klein photography, photorealistic, athletic body build, intricate, full-body photography, trending on artstation, 4k, 8k",3434348646
hot sexy girl,3760469266
"oiled up glossy 2 5 y. o. muscular genie with blue skin posing in bed painted by j. c. leyendecker, morning sunlight, greek, dramatic, romantic, detailed, realistic ",3407755977
a hot handsome shirtless 2 0 years old man with abs and bisceps ,98067121
"a pov shot, color cinema film still kate hudson wearing a white lace underwear in blade runner 2 0 4 9, cinematic. ",3203935214
"photo shot of oiled up glossy 1 8 y. o. muscular genie with blue skin, posing in bed, morning sunlight, greek, dramatic, romantic, detailed, realistic, in style of j. c. leyendecker ",475150321
"beautiful young woman wearing lingerie lying on bed, studio photo ",3319293987
"beautiful sexy woman photo, full body shot perfect face, ",81199693
"russian poet alexander pushkin and shrek together in bed, portrait, highly detailed, digital painting, artstation, concept art, smooth, sharp focus, illustration, cinematic lighting, art by artgerm and greg rutkowski and alphonse mucha ",2431193193
"underwater photography full body portrait, low angle, from below, of beautiful simple amazonian diver tattooed young hunter pincess swimming underwater, low angle, realistic, 4 k, high quality, masterpiece photography by terry o'neill intricate, elegant, highly detailed, smooth, sharp focus, by artgerm and greg rutkowski and alphonse mucha, 8 k ",898375224
"padme amidala taking a bath artwork, safe for work, no nudity ",2734971755
Seductive Smelly Adult Harry Potter with body hair,37132890
perfect woman,775875226
"beautiful sexy siren, by cgsociety and stefan kostic and stanley lau and artgerm, full body, gorgeous, elegant, realistic ",3896741331
"fully body pose, photo of a female elmo, bra and panties, 8 k, hdr, smooth, sharp focus, high resolution, award - winning photo, trending on artstation, dslr, 5 0 mm ",971059717
harry potter in victoria's secret lingerie ,1328987373
"beautiful European girl, rolling eyes looking up, tongue sticking out",1294960607
"groundhog cooking heroin lies on the bed, realistic portrait, highly detailed, digital painting, artstation, concept art, smooth, sharp focus, illustration, cinematic lighting, art by artgerm and greg rutkowski and alphonse mucha ",2791405810
"attractive man, painting by gaston bussiere, craig mullins, j. c. leyendecker, yoji shinkawa ",3460116304
of a beautiful a lingerie ad ,3796452883
ripped shirtless jesus christ of nazareth instagram thirst trap photo shoot ,2986189595
shirtless donald trump instagram photo shoot ,4288447746
"attractive female goddess, clothes barely covering roundings. highly detailed, realistic, cinematic. 8 k ",872306728
"Army Man underwear ad, Calvin Klein photography, trending on artstation, studio lighting, clear atmosphere, vignette, grain effect, 4k, 8k",962857473
"kareena kapoor threesome the bed, natural lighting, hyper detailed, photographic, cinematic lighting, studio quality. ",959663183
"a close - up, color cinema film still of selena gomez wearing a hooters outfit kissing taylor swift passionately, cinematic lighting at night. ",252550984
"sexy ana de armas, in the style of Sean Archer",1533743947
"kim kardashian as borat in borat, 8k resolution, full HD, cinematic lighting, award winning, anatomically correct",2840061045
gamer girl lucrative and carnal ,2974541794
"girl in pajama watching television, blue rays from monitor, redshift, wide shot, coloured polaroid photograph with flash, kodak film, hyper real, stunning moody cinematography, anamorphic lenses, by maripol, fallen angels by wong kar - wai, style of suspiria and neon demon and bahnhof zoo, david hockney, detailed, oil on canvas ",1239361391
"two well built black men kissing, HD, realistic,",2798186821
"hyperrealism, woman in white sheets, soft light, in style of classicism",3179382178
"proactive sadistic relaxation, detailed, centered, digital painting, artstation, concept art, donato giancola, Joseph Christian Leyendecker, WLOP, Boris Vallejo, Breathtaking, 8k resolution, extremely detailed, beautiful, establishing shot, artistic, hyperrealistic, beautiful face, octane render, cinematic lighting, dramatic lighting, masterpiece",1088733321
hot female ,2413328012
"muscled mila kunis chilling out, 1 9 7 0, ball room, puffs of smoke rising, jazzy elegant, frank frazetta, alex horley, ralph horsley, michael whelan ",1529553191
donald trump thirst trap photo shoot ,1468279581
a black male with muscle sitting on a toilet reading newspaper ,2991535759
sexy woman looks out of the window back ,520088262
"girl rivals, belligerent tension, glare, skimpy clothing, 2 0 2 1 ",2679874680
"perky yael shelbia on bed. symmetry face, fine details, intricate, elegant, illustration, matte, art by wlop and artgerm and greg rutkowski and alphonse mucha and kidmo, raytracing, octane, unreal engine, trending on artstation ",402991641
"Ultra realistic illustration, cyborg woman in lingerie lying on her bed, cyberpunk,sci-fi, fantasy, intricate, elegant, highly detailed, digital painting, artstation, concept art, smooth, sharp focus, illustration, art by artgerm and greg rutkowski and alphonse mucha",42148065
"A fancy portrait of an attractive women with fur Underwear by Greg Rutkowski, beeple, Sung Choi, Mitchell Mohrhauser, Maciej Kuciara, Johnson Ting, Maxim Verehin, Peter Konig, final fantasy, macro lens , 8k photorealistic, cinematic lighting, HD, high details, dramatic, dark atmosphere, trending on artstation",3605039348
"bella thorne looking seductive, hyperrealistic full figure, bladerunner street alley, art of elysium by frank frazetta and by jeremy mann and by alphonse mucha, fantasy art, photo realistic, dynamic lighting, artstation, full figure poster, volumetric lighting, very detailed face, 4 k, award winning ",4289762215
"mileena, perfect body shape, brown hair, cosplay, dark hair, female, front view, beautiful lingerie, looking at viewer, teeth, tongue out, yellow eyes ",3410301564
average discord mod ,3908210832
"movie still of jean - paul marat a wound at the chest, in the bath, cinestill 8 0 0 t 3 5 mm b & w, high quality, heavy grain, high detail, cinematic composition, dramatic light, anamorphic, ultra wide lens, hyperrealistic, by josef sudek ",1426928291
"hygge bedroom, rgb, thin, model, short black curly hair, round face, laced lingerie, amazing lush composition & dynamic posing, by franz xavier leyendecker, wlop! muted colors, highly detailed, fantasy art by craig mullins, thomas kinkade cfg _ scale 9 ",985338020
"drug addict groundhog lies on the bed, realistic portrait, highly detailed, digital painting, artstation, concept art, smooth, sharp focus, illustration, cinematic lighting, art by artgerm and greg rutkowski and alphonse mucha ",2552026303
"sexy seductive little smile sophia vergara in nurse by agnes cecile enki bilal moebius, intricated details, lingerie, 3 / 4 back view, hair styled in a bun, bend over posture, full body portrait, extremely luminous bright design, pastel colours, drips, autumn lights ",1562678274
"a beautiful portrait of an extremely cool bloke wearing a pair of futuristic sunglasses and no clothes besides his underwear, being unfazed by the fact that his dog is being put to sleep, giving the thumbs up, photography, volumetric lighting, 8 k ",3070751920
"christina hendricks in black lingerie on a bed, stockings, garter belt, intricate, elegant, highly detailed, studio photography, smooth, sharp focus ",1157752104
"summer, attractive male, neon light, painting by gaston bussiere, craig mullins, j. c. leyendecker ",603624822
"three beautiful college girls in a bed rolling on ecstasy covered in sweat and dilated pupils, highly detailed, digital painting, artstation, concept art, matte, sharp focus, illustration, art by artgerm and greg rutkowski and alphonse mucha ",4115864087
a chad. muscular. godlike. using a computer. ,2720660135
"photo portrait of a skinny girl body, no clothes, raised hands, white studio, white background, up light, black and white, highly detailed, cinematic, hyperrealism, dynamic lighting, octane render, ultra realistic, concept art, intricate details, photorealistic, 8 k, unreal engine ",3136593053
"instax frame of transcendental consciousness from Pan's Labyrinth by Guo Jian and Yue Minjun, from Prometheus by Louise Bourgeois and Pipilotti Rist, dressed by Givenchy and Salvatore Ferragamo, haute couture painted by Andrea Pozzo, editorial asymmetry fashion photography, in lush brain coral femur by Javier Medellin Puyou",1808413533
"“ sensual, a portrait in a female art student ’ s apartment, pancakes, woman holding a brain from inside a painting, berries, octopus, scientific glassware, art supplies, a candle dripping white wax, berry juice drips, neo - expressionism, surrealism, acrylic and spray paint and oilstick on canvas ” ",3015591431
"surreal grotesque kitsch low-brow Jenna Jameson emerging from deep shadows eating hamburgers, extra onions and ketchup, luscious patty with sesame seeds, figure in the darkness, serving big macs, french fry pattern ambience, Francisco Goya, painted by John Singer Sargant, Adrian Ghenie, style of Francis Bacon, highly detailed, 8k, trending on artstation",4223422
"bright realistic obese anorexic eating herself to death, fat and skinny, diffuse lighting, fantasy, intricate, elegant, highly detailed, lifelike, photorealistic, digital painting, artstation, illustration, concept art, smooth, sharp focus, art by francis bacon ",2284629349
"sensual, a portrait in a female art student's apartment, pancakes, woman holding a brain from inside a painting, berries, octopus, surgical supplies, mushrooms, scientific glassware, art materials, candle dripping white wax, berry juice drips, neo - expressionism, surrealism, acrylic and spray paint and oilstick on canvas ",1655398990
"man who scratches his back when he's hungry and looks in the refrigerator looking for a keto snack jurgens digital art, golden ratio, art canvas, award winning, masterpiece artstation 8 k 1 5 0 mpx ",925713760
"Two skinny dark figures wearing golden gas masks, draped in silky pink and green, exhausted sadness, inside a ruined surgical room, the world is on fire, loss and despair, in the style of Francis Bacon, Esao Andrews, Zdzisław Beksiński, !!!Edward Hopper!!!, surrealism, art by Takato Yamamoto and James Jean",1079579340
"hyper realistic detailed painting of a heavy tattooed maggot unicorn family in baroque clothes in mid 70s italian restaurant eating pasta and pepperoni pizza with roasted rainbow and sipping on a doom juice by Andrei Tarkovsky, Adrian Ghenie, Storm Thorgerson, and Beeple, semi naive, rich deep colors, Hilma af Klint color palette, cinematic, very coherent symmetrical artwork, cinematic, hyper realism, high detail, 8k, last supper composition, octane render. Beksinski painting, part by Adrian Ghenie and Greg Hildebrandt. art by Neo Rauch. masterpiece",2840861593
"cartoonish dakota johnson eating dinner, vivid colors, character sheet, fine details, concept design, contrast, kim jung gi, greg rutkowski, trending on artstation, 8 k, full body, turnaround, front view, back view, ultra wide angle ",672616831
"3 d cutaway poster design, full body anatomical model, 3 d photographic render of a deconstructed asymmetric human anatomical correct human body, in hoc signo vinces, waterfall, in the style of leonora carrington, gottfried helnwein, intricate composition, blue light by caravaggio, insanely quality, highly detailed, masterpiece, red light, artstation ",790520807
"an pizza in the style of wayne barlowe, gustav moreau, goward, bussiere, roberto ferri, santiago caruso, luis ricardo falero, austin osman spare ",2334101473
"poster design, full body anatomical model, 3 d photographic render of a deconstructed asymmetric human anatomical correct human body, in hoc signo vinces, waterfall, in the style of leonora carrington, gottfried helnwein, intricate composition, blue light by caravaggio, insanely quality, highly detailed, masterpiece, red light, artstation ",1869083726
"sensual, a portrait in a female art student's apartment, pancakes, woman holding a brain from inside a painting, berries, octopus, surgical supplies, digital vital signs monitor mobile cart, scientific glassware, art materials, candle dripping white wax, berry juice drips, neo - expressionism, surrealism, acrylic and spray paint and oilstick on canvas ",754694794
"instax frame of The One Memory I've Never Forget from Pan's Labyrinth and Prometheus by Guo Jian and Yue Minjun, dressed by Givenchy and Salvatore Ferragamo, haute couture painted by Andrea Pozzo, editorial asymmetry fashion photography, in lush brain coral femur by Javier Medellin Puyou",2192047843
"extremely detailed studio closeup portrait of a fashion model holding a cake with diamond frosting. surreal photograph, lo - fi, polished look, solid background, silly and serious, hermes ad, fashion photography, toiletpaper magazine by pierpaolo ferrari and maurizio cattelan, 3 5 mm photograph, colourful, david lachapelle, canon eos c 3 0 0, 8 k, medium - format print ",4024579025
giant anime girl sitting on a miniature cuty by wlop,191851496
"character from to love ru darkness, fantasy magic, epic scene, cinematic lighting, intricate, elegant, sharp focus, illustration, highly detailed, concept art, matte, art by michiking and kidmo and saki hasemi and wlop, anime, trending on artstation ",226109729
"1 6 k neon - monochrome 3 d of cgsociety : - nude gay shota - boy ( austin lock ) with clown - sexy makeup by nick knight ( him body : biomechanical sculpture, persian rug, mandelbulb 3 d fractal kawaii 3 d - shotacon style with him face : hyperrealistic human face, bdsm nude - pattern style by jonas akerlund and lee griggs ",1656092984
"high resolution 8k, close up portrait photograph of Selena Gomez, dressed in bikini, standing near the beach, vogue photoshoot",3727883799
"A hyper realistic and detailed head portrait photography of Kate Upton, swimsuit model on a beach. by Cameron Hammond. film grain 1980s film look. golden hour. KODAK EKTAR 100. Lens flare. Summilux 50mm",3929601208
"evan peters, shirtless, vintage model fashion photography, realistic, detailed ",3082637957
"Portrait of a sad looking beautiful teenage boy, around 21 yo, natural brown hair and smooth pale skin. Shirtless. Award winning photograph.",3903450278
"pete davidson, vman magazine, fashion photography, shirtless ",3201793225
"jill kortleve, hyperrealistic full figure, bladerunner street alley, art of elysium by frank frazetta and by jeremy mann and by alphonse mucha, fantasy art, photo realistic, dynamic lighting, artstation, full figure poster, volumetric lighting, very detailed face, 4 k, award winning ",3305708485
"hot grey skin young woman, void eyeballs, long white hair, tattoos, wearing a bikini, laying down, drinking cocktail, digital art, artstation, concept art, 4 k, 8 k ",2917816693
a hot shirtless 2 0 years old man with abs and bisceps cooking pancakes ,2815659102
PiperFilthybong kayoluha ichiup_net daito2141 koakuma okamikaikou naohiro0887 saigakai reis94618 vecot toomo_illust labn1k0 konohoshi start_furuike anal_aki oyariashito _TKMK hanamooekaki,2687443176
cole sprouse photographed by larry clark ,2306751146
"portrait of Brenda Song  as a young and sexy yakuza tattooed,  defiant look attitude, cinematic lighting shadowing the push-up, ultra-detailed, sharp focus,  highly detailed, sharp focus, golden background with flowers,  photorealism, style of Hajime Sorayama, art by Hirothropologie , artgerm and Patrick DeMarchelier",3593580389
"nidalee, from league of legends, next to a leopard, au naturel, hyper detailed, digital art, trending in artstation, cinematic lighting, studio quality, smooth render, unreal engine 5 rendered, octane rendered, art style by klimt and nixeu and ian sprigger and wlop and krenz cushart ",3100111345
"portrait of Demi Rose wearing kemben in the kitchen by Charlotte Grimm, natural light, detailed face, CANON Eos C300, ƒ1.8, 35mm, 8K, medium-format print",1477514342
amber heard symmetrical coherent elegant delicate on cute underwear on a queen size bed ,927714057
pure eroguro!,77493398
a hot shirtless 2 0 years old man with abs and bisceps ,1818834347
"Very very very very highly detailed epic central composition photo of Miranda Kerr ahegao face, intricate, extremely detailed, digital painting, smooth, sharp focus, illustration, volumetric lighting, incredible art by Brooke Shaden, artstation, concept art, Octane render in Maya and Houdini",963648943
"a grungy woman with rainbow hair, drunk, angry, soft eyes and narrow chin, dainty figure, long hair straight down, short shorts, fishnet stockings, basic white background, sie boob, in the rain, wet, symmetrical, single person, style of by Jordan Grimmer and greg rutkowski, crisp lines and color,",1693409913
"half body portrait of kim kardashian posing with lingerie made from postit notes, black hair, freckles, pale skin, photo by greg rutkowski, high fashion, female beauty, intricate detail, elegance, sharp shapes, soft lighting, vibrant colors, masterpiece, full body shot, 8 k resolution ",3244621449
"🍆🍆🍆💦💦💦, happy appearance, ioyful vibe and lighting, cgsociety, artstation, in the style of artgerm",4154695806
japanese girl body ,2280607951
"photo shot of muscular genie with blue skin covered in oil, posing in bed, morning sunlight, dramatic, romantic, detailed, realistic, in style of j. c. leyendecker ",3078574483
"Handsome Frankenstein, smooth skin, young man, masculine, strong cheekbones, gorgeous",974106354
"Dionysus laying on a bed with wine and grapes, in the Style of Artgerm and Charlie Bowater and Atey Ghailan and Mike Mignola, vibrant colors and hard shadows and strong rim light, Comic Cover Art, plain background, trending on artstation",3552865989
"megan fox and arianna grande and selena gomez as three college girls rolling hard on ecstasy, drenched in sweat and covered in florescent paint, kissing sensually with dilated pupils, realistic portrait, highly detailed, digital painting, artstation, concept art, smooth, sharp focus, illustration, cinematic lighting, art by artgerm and greg rutkowski and alphonse mucha and boris vallejo and frank frazetta ",120664670
"beautiful sexy woman photo, full body shot, perfect face, in the style of victoria's secret ",2124999073
"portrait painting of demi rose, leopard bikini, ultra realistic, concept art, intricate details, eerie, highly detailed, photorealistic, octane render, 8 k, unreal engine. art by artgerm and greg rutkowski and alphonse mucha ",568673188
amber heard on cute underwear on a queen size bed ,1479880638
"fully body pose, photo of a very beautiful!! victoria secret model, the joker, fully tattooed, 8 k, hdr, smooth, sharp focus, high resolution, award - winning photo, trending on artstation, dslr, 5 0 mm c 1 5. 0 ",2504360376
film still of Justin Bieber as Tony Montana in Scarface remake 2029,2987854105
"justin bieber 2 0 2 2 vomiting in a toilet, cinematic, cottage core, cinematic focus, polaroid photo bleached vintage pastel colors high - key lighting, soft lights, foggy, by steve hanks, by lisa yuskavage, by serov valentin, by tarkovsky, 8 k render, detailed, photo ",745393287
"fully body pose, photo of a very beautiful!! pop star, ariana grande, lollipop, pacifier, 8 k, hdr, smooth, sharp focus, high resolution, award - winning photo, trending on artstation, dslr, 5 0 mm ",3035551494
"full body portrait of anya taylor joy as death from sandman, by jean baptiste monge ",385044434
holds hands by zdzisław beksiński,1320912719
stuck in a time loop by ben templesmith,3696111362
pale japanese undead woman ,673792336
"breathtaking detailed concept art painting art deco angels in cannabis heaven amalgamation cannabis, by hsiao - ron cheng, bizarre compositions, exquisite detail, extremely moody lighting, 8 k ",4263418374
emma watson being arrested by a swat team ,3918751891
"award winning professional humanoid marijuana photography, epic high fantasy, high times, furaffinity, 8 k ",261692163
Doctor Shrek gives you Medicine for your flu in the 80s,45309294
obese David Lynch wearing a headset yelling at his monitor while playing WoW highly detailed wide angle lens 10:9 aspect ration award winning photography erasure head,412905366
"donald trump in a sauna enthusiastically eating sausage , ultra realistic, 8k",768015004
"expressive visual novel female character poses from the waist up, digital art, expressive, sketch, pen ",535681329
"photo of a mystical alien creature UFO holding his head with both hands body by Alyssa Monks, Bouguereau. Full body shot; hyper realism dramatic lighting, high detail 4K",2838153921
"brigitte bardot as a tattooed pinup warrior, character sheet, concept design, contrast, hot toys, kim jung gi, greg rutkowski, zabrocki, karlkka, jayison devadas, trending on artstation, 8 k, ultra wide angle, pincushion lens effect ",3007531980
"photo of sasha pieterse in 1 9 3 0 s penthouse rainy window, oil painting, by enoch bolles, greg rutkowski, ross tran, artgerm, wlop glossy skin, intricate architectural detail, pearlescent, very coherent, cute ",1556377561
portrait of beyonce and jay z in the style of roberto ferri ,3524618840
"beautiful centered fine art portrait of girl with white solarpunk mecha humanoid head parts with led lights, sexy pudica pose gesture, by bouguereau, ultra - realistic and intricate, hdr 8 k ",3378982518
"shadow people of the 1 9 6 0 s making love by gustave dore. back glass painting, carnation, encaustic painting, b - roll, establishing shot, dappled light, crime scene photography, 8 k, vray, unreal engine, blender cycles, colorful ",2004382764
"sculpture statue of Nicole Kidman by Jean-Baptiste Carpeaux and Luo Li Rong and Michael James Talbot, all body, standing athletic pose, perfect symmetrical face, psychedelic, bodypaint, colored, white marble, in full growth, elegant, realistic, 8K, female full-skin figure, hyperrealism, subsurface scattering, raytracing, rim light, Octane Render, Redshift, Zbrush",191119375
"olivia seen from behind, stargazing, 3 d animation, black hair, freckles, pale skin, photo by greg rutkowski, risque fashion, female beauty, intricate detail, elegance, sharp shapes, soft lighting, masterpiece ",826168
The Bather by Bouguereau,2411772620
low-poly art by Bouguereau rendered with redshift and octane render,4086021062
"narcissus in the style of wayne barlowe, gustav moreau, goward, bussiere, roberto ferri, santiago caruso, luis ricardo falero, austin osman spare ",2334101473
"young woman by a river, playful, female, muscular, detailed face, thighs, gorgeous, amazing, muscular, intricate, highly detailed, painting by Gaston Bussiere, Craig Mullins",2322500263
"damaged goods, ethereal, illustration, moody, chaotic, god, mist, nuclear explosion background, volumetric lighting, soft lighting, soft details, painting oil on canvas by William-Adolphe Bouguereau and Edmund Blair Leighton, octane render, HDR, trending on artstation, 4k, 8k, HD",3526139662
"willow smith as young egyptian girl, full body, white loincloth, symetrical, grey background, intricate, sharp focus, illustration, orientalism, bouguereau, jurgens ",2052135027
"nymph, by Karel Thole, by Mandy Jurgens,",4130121337
male character art by william - adolphe bouguereau ,68846892
figure with scenery. painting by gustave moreau ,3214487171
art by michael borremans ,1722050528
"a painting of a female model in victorian times, fully body shot ",3650924244
"beautiful girl posing with a man with no clothes in the dark studio, hard lightning flood on their body, digital illustration by ruan jia on artstation - w 1 0 8 8 ",2333226888
"a detailed painting of emma watson doing deep squats wearing a bikini, high fashion, female beauty, intricate detail, elegance, sharp shapes, soft lighting, vibrant colors, masterpiece ",2590517552
"a painting of a nymph 🌸🌸🌸 trending on artstation in the style of greg rutkowski, sensuality, fashion ",398061591
nymphettes ,2272082569
"eroric, beautiful girl, full body, least clothes, natural beauty, award winning photography, 4 k, hyperrealistic, hd, detailed ",3168519021
knowledge and ignorance. painting by fernand khnopff and milo manara ,4072349895
the lower back of a beautiful woman. painting by milo manara and diego velazquez ,1521883436
bella poarch sexy painting hot skin 24k realistic,3055995711
"draconic humanoid, pudica pose gesture, by renoir, in a white room, ultra - realistic and intricate, hdr 8 k ",3067797629
"annasophia robb as aphrodite, white cloth, long braided blond hair, intricate, highly detailed, digital painting, artstation, concept art, sharp focus, illustration, bouguereau, rutkowski, mucha",3563922856
modern woman | muscular | hyperrealistic | action pose | digital painting | trending on artstation | pinup portrait | clean | illustration | dressed | unreal engine 5 | 8 k resolution | rubenesque | by greg rutkowski alphonse mucha gustav klimt and mel ramos ,2814223008
"a painter in his studio painting a colourful picture of venus de milo by edgar maxence and caravaggio and michael whelan and delacroix style, artistic, intricate painting, cinematic lighting, hyper realistic, extremely detailed, establishing shot, 8 k resolution, dramatic lighting ",13418456
"photo of a alien woman holding his head with both hands and multiple arms coming out his body by Alyssa Monks, Bouguereau. Full body shot; hyper realism, Realistic proportions, dramatic lighting, high detail 4K",176509301
symmetrical oil painting of full - body women by samokhvalov ,4054187711
"young alluring elven woman with pretty legs, soft belly, wide hips, hand on hip, elegant feet, pretty aphrodite face, dressed as a greek goddess in a sultry pose, vignette, warm bi color palette, subtle chromatic aberration, soft glow, extreme rim light, subsurface scattering, ambient occlusion, ambient lighting, heavy oil painted by leonardo da vinci, van gogh ",62489556
"standing skinny female artist in the style of realism, renaissance oil painting, tonalism, rococo, manga",3213675427
"Greek goddess posing for painter, sun light, trending on artstation, black hair, white coat",1914687043
"the four horsewomen of the apocalypse, painting by tom of finland, gaston bussiere, craig mullins, j. c. leyendecker ",1044355234
"renaissance oil painting, rococo, manga skinny female artists standing and painting gestural brush",457892804
"detailed portrait of a beautiful emma watsonmega booty, painting by gaston bussiere, craig mullins, j. c. leyendecker ",50068867
studys of women for various paintings by herbert james draper . sketch studies. white chalk. 1902.,1771492589
Artemisia Gentileschi painting of female body,1294625970
"a beautiful stoya wearing a dress emerging from the water, oil on canvas, sensuality, artstation, by j. c. leyendecker and edmund blair leighton and charlie bowater, instagram photo ",172392602
"girl with braids, thick, in kimono, backview, sitting on edge of bed, by jeremy lipking, tim rees, joseph todorovitch ",2844442859
"The final outcome, illustration, sexy, chaotic, god, mist, background beyond imagination, volumetric lighting, soft lighting, soft details, painting oil on canvas by William-Adolphe Bouguereau and Edmund Blair Leighton, octane render, HDR, trending on artstation, 4k, 8k, HD",1997406555
goddess goddess ,3534424862
"phoebe dynevor, hyperrealistic full figure, bladerunner street alley, art of elysium by frank frazetta and by jeremy mann and by alphonse mucha, fantasy art, photo realistic, dynamic lighting, artstation, full figure poster, volumetric lighting, very detailed face, 4 k, award winning ",341752525
"kodak portra 4 0 0, 8 k, soft light, clean lines, art nouveau fashion photography, maxfield parrish, katsuhiro otomo, james jean, yoji shinkawa, odilon redon, gaston bussiere, eugene grasset, janis rozentals ",3683869174
"white trash girls, golden age, painting by gaston bussiere, craig mullins, j. c. leyendecker, tom of finland ",1363452033
"Sophia Lillis as a satyr full body portrait, seductive, sexy, intricate, digital painting, old english, whimsical background by marc simonetti, artwork by liam wong",1518058341
"a renaissance oil painting by alma tadema of a minion turned back on a stone balcony covered in moss with over shoulder view on a magical jungle, colourful pastel, detailed academic bouguereau, sharp focus, long shot ",60295685
"willow smith as young egyptian girl, full body, white loincloth, symetrical, grey background, intricate, sharp focus, illustration, orientalism, bouguereau, rutkowski, jurgens ",4015551842
"“ by zhaoming wu, nick alm, bernie fuchs, hollis dunlap ” ",3735397514
portrait of a beautiful girl by Vanessa Beecroft ,2199882352
"woman swimming in the lake, painting by gaston bussiere, craig mullins, j. c. leyendecker ",4118763842
"a sexy gamer girl with cat ears and tattoos, by edgar maxence and caravaggio and michael whelan and delacroix style, artistic, intricate drawing, light brazen, realistic fantasy, extremely detailed and beautiful aesthetic face, establishing shot, 8 k resolution, dramatic lighting ",268675320
"“ a primitive pre human woman Neanderthal posing for a photo with an iPhone in a trending fashion way, anthropology photography, National Geographic ”",1731981322
"beautiful woman with perfect body, seen from the front, bending over, in the style of greg rutkowski, anime artstyle, intricate, sharp colors ",780862131
"it is an awesome photograph, with excellent framing lighting texture. boudoir, sitting on bed as sunlight illuminates the body as rays enter the dimly lit room. lovely casement window, the lighting is beautiful and the texture and tonality are lovely. but i wish the effect wasn't undercut by how staged she appears. looks like an oil painting. ",1177590732
"mythological female by herbert james draper, sir lawrence alma - tadema, arnold bocklin ",1746513077
"woman with shiny skin lying on the grass dressed in roman clothes, ultra detailed, Guido Reni style",4158504818
"emma watson as a swamp princess, hot, hyper realistic, smooth skin, extra detailed, barely any clothes, trending on art station, full body image by jean delville ",2592702299
"a painting of the goddess venus trending on artstation in the style of greg rutkowski, sensuality, roman ",2329649972
"a beautiful ayanami rei wearing a dress emerging from the water, oil on canvas, sensuality, artstation, by j. c. leyendecker and edmund blair leighton and charlie bowater, instagram photo ",1345337689
"attractive 2 1 savage shirtless but wearing pants flirting with his attractive mistress. the mistress is also flirting back, the mistress is also wearing pants highly detailed painting by gaston bussiere, craig mullins, j. c. leyendecker ",2539825983
portrait of lil kim in the style of roberto ferri ,1575803161
"hyperrealist portrait in a river, snakes, half body, golden water algae by alphonse mucha and lucian freud and bouguereau, very detailed faces ",1895116755
"painting of a cyberpunk android by william bouguereau, fully clothed in futuristic armor, high resolution ",1261132332
"hyperrealist portrait in a river, full body green water algae by alphonse mucha and lucian freud and bouguereau, very detailed faces ",1408628209
woman in a bathtub. painting by fuchs ernst ,1729978983
"by slim aarons, by zhang kechun, by lynda benglis, by frank frazetta, by syd mead, by edward hopper ",706045489
3d low-poly high-light edge edged polygonal blender figure of the Bather by Bouguereau,1846776486
"you say you wanna tear right through me, i welcome you to try, masterpiece, artstation, symbolist painting, 4 k ",506108774
low-poly polygonal the Bather by Bouguereau,167362943
modern woman | hyperrealistic | feminist | digital painting | trending on artstation | pinup portrait | clean | illustration | centred | one figure | dressed | unreal engine 5 | 8 k resolution | by greg rutkowski alphonse mucha gustav klimt and mel ramos ,2079792225
"out of focus photorealistic portrait of a woman's pale fat belly by sarah moon, very blurry, translucent white skin, foggy, closeup!!!! ",3034783918
"hyperrealist portrait in a river, sensual bengali girl, full body green water algae by alphonse mucha and lucian freud and bouguereau, very detailed faces ",2487869687
low-poly 3d-model by Bouguereau rendered with redshift and octane render,2981294000
"a beautiful masterpiece painting of a female model by juan gimenez, award winning, trending on artstation, ",858840765
"hyper realistic painting of rain in the style of wayne barlowe, gustav moreau, goward, gaston bussiere and roberto ferri, santiago caruso, and austin osman spare, bouguereau, alphonse mucha, saturno butto. occult art ",1734879688
"a woman posing, in a lakem wearing a bikini, backlit, photo by Marat Safin, Canon EOS R3, f/1.4, ISO 200, 1/160s, 8K, RAW, unedited, symmetrical balance, in-frame",3424445901
a beautiful female model surrounded by pills and alcohol bottles,698042423
"female marijuana, epic award winning professional photography, conceptual art in the style of surrealism 8 k ",1113892156
dissapointment. ,2059386435
"capybara smoking a cigar, digital art",3724572824
a beautiful female model surrounded by pills ,3978495073
calvin and hobbes ,2165137940
"worksafe. insanely detailed. instagram photo, kodak portra. by wlop, ilya kuvshinov, krenz cushart, greg rutkowski, pixiv. zbrush sculpt, octane, maya, houdini, vfx. close - up schoolgirl in thigh highs, from behind, posing. by ayami kojima. cinematic dramatic atmosphere, sharp focus, volumetric lighting. ",3658515554
beautiful woman by moebius ,1637853846
"3 d render, obama kissing johhny sins ",3304442282
"gorgeous famous japanese girl seeing the shadow of her desires on the bed of abandoned nightmare house with a light from a window projecting her secret dreams, a lonely lamp, painting by Peter Mohrbacher from photo of Todd Hido and John Singer Sargant, Edward Hopper and surrealism of Francis Bacon, eerie vibrating colors of Mark Rothko!!! style of Peter Doig, dark atmosphere, highly detailed",1382267593
"the illuminated mystic Rhodesian ridgeback and a man and a woman in love, softly lit from behind, full moon night in the jungle Portrait by Paul Bonner, oil on canvas",2539888290
world's best lead developer by gil elvgren and norman rockwell and rob gonsalves and hajime sorayama ,3486490260
"ken doll, commoner, concept art, art in the style of Mesopotamia 3000 to 4000 BCE",3717721718
"attractive anime girl, thigh focus, thigh gap, juicy legs, skindentation, thighs close up, slim figure, accentuated hips, bottom body close up, attractive features, details, sharp focus, illustration, by Jordan Grimmer and greg rutkowski, Trending artstation, pixiv, digital Art",1972733244
Beautiful female yakuza having a meeting in a spa,3806790836
"a photo of vladimir putin kisses sergey lavrov, topless, lovely kiss, kiss mouth to mouth, romantic, emotional, love scene, insane details, clear face, clear eyes, textured, 8 k resolution, professional photography, dslr, focus, zeiss lens, depth of field, studio quality, fashion photoshoot, extremely detailed, artistic, octane render ",3991386067
cheating wife,778243525
"tired man worshipping golden goddess woman, vibrant color scheme, intricately detailed, in the style of realism, cinematic, artstation, ",92270904
“ seth rogen sword fighting with joe rogan ” ,3068486866
pitbull with bulge in his pants ps 2 game screenshot ,1345597841
"Disposable camera photo of a provocative techwear packed busy rundown nightclub, lots of people, males and females breakdancing, variety of sharp sparkly creepy masks, harnesses and garters, tactical vests and holsters, some people holding drinks or have robot limbs or have cybernetic mods, tattoos and piercings, retrofuturism, brutalism, cyberpunk, sigma 85mm f/1.4, 15mm, 35mm, tilted frame, long exposure, 4k, high resolution, 4k, 8k, hd, wide angle lens, highly detailed, full color, harsh light and shadow, intoxicatingly blurry",3529918069
Harry Potter shirtless with tattoo's gangster hood,2812206952
"Sir Lawrence Alma-Tadema, Herbert James Draper, Arnold Bocklin, Anders Zorn, Peter Paul Rubens",1234717164
"Viktor Orbán fights the Utilities-Damon, Neoclassicist painting 1850, by Jacques-Louis David",505833561
"by gustave boulanger, frank frazetta, zhang kechun ",410020116
"swimming through the river hades. sir lawrence alma - tadema, john william godward, arnold bocklin, herbet james draper, caravaggio, ",1296924956
"Bradley James and Colin Morgan. they are both male. From the television show Merlin (2008). In a beautiful meadow in love, happy; high-detailed oil painting by Edgar Maxence and William-Adolphe Bouguereau, trending on Artsatio, masterpiece, 4k",1523802140
"portrait of a man in orange t - shirt wrestling with a girl in green dress in front of dhl van, highly detailed, digital painting, artstation, concept art, smooth, sharp focus, illustration, art by artgerm and greg rutkowski and alphonse mucha ",1311264474
large group of pre-Raphaelite muscular athletic male gamers wearing headsets and playing video-games on laptops playstation5 x-box and PC by Bouguereau and raphael,134609312
Painting of Davy Jones. Art by William Adolphe b Bouguereau. During golden hour. Extremely detailed. Beautiful. 4K. Award winning.,727700889
female goddess mugshot,3555827664
